images,lable
0_251.png,0
0_252.png,0
0_253.png,0
0_254.png,0
0_255.png,0
0_256.png,0
0_257.png,0
0_258.png,0
0_259.png,0
0_260.png,0
0_261.png,0
0_262.png,0
0_263.png,0
0_264.png,0
0_265.png,0
0_266.png,0
0_267.png,0
0_268.png,0
0_269.png,0
0_270.png,0
0_271.png,0
0_272.png,0
0_273.png,0
0_274.png,0
0_275.png,0
0_276.png,0
0_277.png,0
0_278.png,0
0_279.png,0
0_280.png,0
0_281.png,0
0_282.png,0
0_283.png,0
0_284.png,0
0_285.png,0
0_286.png,0
0_287.png,0
0_288.png,0
0_289.png,0
0_290.png,0
0_291.png,0
0_292.png,0
0_293.png,0
0_294.png,0
0_295.png,0
0_296.png,0
0_297.png,0
0_298.png,0
0_299.png,0
0_300.png,0
0_301.png,0
0_302.png,0
0_303.png,0
0_304.png,0
0_305.png,0
0_306.png,0
0_307.png,0
0_308.png,0
0_309.png,0
0_310.png,0
0_311.png,0
0_312.png,0
0_313.png,0
0_314.png,0
0_315.png,0
0_316.png,0
0_317.png,0
0_318.png,0
0_319.png,0
0_320.png,0
0_321.png,0
0_322.png,0
0_323.png,0
0_324.png,0
0_325.png,0
0_326.png,0
0_327.png,0
0_328.png,0
0_329.png,0
0_330.png,0
0_331.png,0
0_332.png,0
0_333.png,0
0_334.png,0
0_335.png,0
0_336.png,0
0_337.png,0
0_338.png,0
0_339.png,0
0_340.png,0
0_341.png,0
0_342.png,0
0_343.png,0
0_344.png,0
0_345.png,0
0_346.png,0
0_347.png,0
0_348.png,0
0_349.png,0
0_350.png,0
0_351.png,0
0_352.png,0
0_353.png,0
0_354.png,0
0_355.png,0
0_356.png,0
0_357.png,0
0_358.png,0
0_359.png,0
0_360.png,0
0_361.png,0
0_362.png,0
0_363.png,0
0_364.png,0
0_365.png,0
0_366.png,0
0_367.png,0
0_368.png,0
0_369.png,0
0_370.png,0
0_371.png,0
0_372.png,0
0_373.png,0
0_374.png,0
0_375.png,0
0_376.png,0
0_377.png,0
0_378.png,0
0_379.png,0
0_380.png,0
0_381.png,0
0_382.png,0
0_383.png,0
0_384.png,0
0_385.png,0
0_386.png,0
0_387.png,0
0_388.png,0
0_389.png,0
0_390.png,0
0_391.png,0
0_392.png,0
0_393.png,0
0_394.png,0
0_395.png,0
0_396.png,0
0_397.png,0
1_251.png,1
1_252.png,1
1_253.png,1
1_254.png,1
1_255.png,1
1_256.png,1
1_257.png,1
1_258.png,1
1_259.png,1
1_260.png,1
1_261.png,1
1_262.png,1
1_263.png,1
1_264.png,1
1_265.png,1
1_266.png,1
1_267.png,1
1_268.png,1
1_269.png,1
1_270.png,1
1_271.png,1
1_272.png,1
1_273.png,1
1_274.png,1
1_275.png,1
1_276.png,1
1_277.png,1
1_278.png,1
1_279.png,1
1_280.png,1
1_281.png,1
1_282.png,1
1_283.png,1
1_284.png,1
1_285.png,1
1_286.png,1
1_287.png,1
1_288.png,1
1_289.png,1
1_290.png,1
1_291.png,1
1_292.png,1
1_293.png,1
1_294.png,1
1_295.png,1
1_296.png,1
1_297.png,1
1_298.png,1
1_299.png,1
1_300.png,1
1_301.png,1
1_302.png,1
1_303.png,1
1_304.png,1
1_305.png,1
1_306.png,1
1_307.png,1
1_308.png,1
1_309.png,1
1_310.png,1
1_311.png,1
1_312.png,1
1_313.png,1
1_314.png,1
1_315.png,1
1_316.png,1
1_317.png,1
1_318.png,1
1_319.png,1
1_320.png,1
1_321.png,1
1_322.png,1
1_323.png,1
1_324.png,1
1_325.png,1
1_326.png,1
1_327.png,1
1_328.png,1
1_329.png,1
1_330.png,1
1_331.png,1
1_332.png,1
1_333.png,1
1_334.png,1
1_335.png,1
1_336.png,1
1_337.png,1
1_338.png,1
1_339.png,1
1_340.png,1
1_341.png,1
1_342.png,1
1_343.png,1
1_344.png,1
1_345.png,1
1_346.png,1
1_347.png,1
1_348.png,1
1_349.png,1
